{"num": 2293, "min_len": 100, "max_len": 2991, "mean_len": 250.1975577845617, "points_num": 573250, "min_x": 35.510184690694565, "min_y": 139.4708776473999, "max_x": 35.867150422391695, "max_y": 139.91259321570396}