{"num": 438, "min_len": 10, "max_len": 785, "mean_len": 381.75342465753425, "points_num": 166878, "min_x": -9.781308, "min_y": 37.184832, "max_x": -5.964669, "max_y": 41.701068}