{"num": 5, "min_len": 53, "max_len": 410, "mean_len": 176.8, "points_num": 880, "min_x": 3070.0757072113543, "min_y": 5038.900747793426, "max_x": 18167.0, "max_y": 29778.675312020692}