{"num": 1083, "min_len": 100, "max_len": 2697, "mean_len": 209.99815327793166, "points_num": 226347, "min_x": 40.55085246740427, "min_y": -74.27476644515991, "max_x": 40.988331719265304, "max_y": -73.68382519820906}