{"num": 119, "min_len": 10, "max_len": 3943, "mean_len": 238.42016806722688, "points_num": 28322, "min_x": 13.360436, "min_y": 90.859693, "max_x": 47.6650666666667, "max_y": 122.191433333333}